node1	label	node2	id
P1082	Pproperty_units_used	Q186408	P1082-Pproperty_units_used-Q186408
P1082-Pproperty_units_used-Q186408	P1114	2	P1082-Pproperty_units_used-Q186408-P1114-2-0000
P1082	Pproperty_units_used	Q15621516	P1082-Pproperty_units_used-Q15621516
P1082-Pproperty_units_used-Q15621516	P1114	1	P1082-Pproperty_units_used-Q15621516-P1114-1-0000
P1082	Pproperty_units_used	Q5727902	P1082-Pproperty_units_used-Q5727902
P1082-Pproperty_units_used-Q5727902	P1114	1	P1082-Pproperty_units_used-Q5727902-P1114-1-0000
P1083	Pproperty_units_used	Q44666669	P1083-Pproperty_units_used-Q44666669
P1083-Pproperty_units_used-Q44666669	P1114	2	P1083-Pproperty_units_used-Q44666669-P1114-2-0000
P1101	Pproperty_units_used	Q831691	P1101-Pproperty_units_used-Q831691
P1101-Pproperty_units_used-Q831691	P1114	1	P1101-Pproperty_units_used-Q831691-P1114-1-0000
P1114	Pproperty_units_used	Q15284	P1114-Pproperty_units_used-Q15284
P1114-Pproperty_units_used-Q15284	P1114	1	P1114-Pproperty_units_used-Q15284-P1114-1-0000
P1128	Pproperty_units_used	Q1543700	P1128-Pproperty_units_used-Q1543700
P1128-Pproperty_units_used-Q1543700	P1114	4	P1128-Pproperty_units_used-Q1543700-P1114-4-0000
P1198	Pproperty_units_used	Q11229	P1198-Pproperty_units_used-Q11229
P1198-Pproperty_units_used-Q11229	P1114	198	P1198-Pproperty_units_used-Q11229-P1114-198-0000
P1301	Pproperty_units_used	Q132911	P1301-Pproperty_units_used-Q132911
P1301-Pproperty_units_used-Q132911	P1114	1	P1301-Pproperty_units_used-Q132911-P1114-1-0000
P1436	Pproperty_units_used	Q11723795	P1436-Pproperty_units_used-Q11723795
P1436-Pproperty_units_used-Q11723795	P1114	2	P1436-Pproperty_units_used-Q11723795-P1114-2-0000
P1436	Pproperty_units_used	Q2198779	P1436-Pproperty_units_used-Q2198779
P1436-Pproperty_units_used-Q2198779	P1114	1	P1436-Pproperty_units_used-Q2198779-P1114-1-0000
P1436	Pproperty_units_used	Q39297	P1436-Pproperty_units_used-Q39297
P1436-Pproperty_units_used-Q39297	P1114	1	P1436-Pproperty_units_used-Q39297-P1114-1-0000
P1436	Pproperty_units_used	Q4406616	P1436-Pproperty_units_used-Q4406616
P1436-Pproperty_units_used-Q4406616	P1114	1	P1436-Pproperty_units_used-Q4406616-P1114-1-0000
P1436	Pproperty_units_used	Q66370783	P1436-Pproperty_units_used-Q66370783
P1436-Pproperty_units_used-Q66370783	P1114	1	P1436-Pproperty_units_used-Q66370783-P1114-1-0000
P1539	Pproperty_units_used	Q5	P1539-Pproperty_units_used-Q5
P1539-Pproperty_units_used-Q5	P1114	34	P1539-Pproperty_units_used-Q5-P1114-34-0000
P1540	Pproperty_units_used	Q5	P1540-Pproperty_units_used-Q5
P1540-Pproperty_units_used-Q5	P1114	34	P1540-Pproperty_units_used-Q5-P1114-34-0000
P1689	Pproperty_units_used	Q11229	P1689-Pproperty_units_used-Q11229
P1689-Pproperty_units_used-Q11229	P1114	2	P1689-Pproperty_units_used-Q11229-P1114-2-0000
P1971	Pproperty_units_used	Q30417	P1971-Pproperty_units_used-Q30417
P1971-Pproperty_units_used-Q30417	P1114	1	P1971-Pproperty_units_used-Q30417-P1114-1-0000
P2043	Pproperty_units_used	Q828224	P2043-Pproperty_units_used-Q828224
P2043-Pproperty_units_used-Q828224	P1114	1513	P2043-Pproperty_units_used-Q828224-P1114-1513-0000
P2043	Pproperty_units_used	Q253276	P2043-Pproperty_units_used-Q253276
P2043-Pproperty_units_used-Q253276	P1114	64	P2043-Pproperty_units_used-Q253276-P1114-64-0000
P2043	Pproperty_units_used	Q11573	P2043-Pproperty_units_used-Q11573
P2043-Pproperty_units_used-Q11573	P1114	16	P2043-Pproperty_units_used-Q11573-P1114-16-0000
P2043	Pproperty_units_used	Q3710	P2043-Pproperty_units_used-Q3710
P2043-Pproperty_units_used-Q3710	P1114	3	P2043-Pproperty_units_used-Q3710-P1114-3-0000
P2043	Pproperty_units_used	Q174728	P2043-Pproperty_units_used-Q174728
P2043-Pproperty_units_used-Q174728	P1114	1	P2043-Pproperty_units_used-Q174728-P1114-1-0000
P2043	Pproperty_units_used	Q218593	P2043-Pproperty_units_used-Q218593
P2043-Pproperty_units_used-Q218593	P1114	1	P2043-Pproperty_units_used-Q218593-P1114-1-0000
P2044	Pproperty_units_used	Q11573	P2044-Pproperty_units_used-Q11573
P2044-Pproperty_units_used-Q11573	P1114	3585	P2044-Pproperty_units_used-Q11573-P1114-3585-0000
P2044	Pproperty_units_used	Q3710	P2044-Pproperty_units_used-Q3710
P2044-Pproperty_units_used-Q3710	P1114	157	P2044-Pproperty_units_used-Q3710-P1114-157-0000
P2045	Pproperty_units_used	Q28390	P2045-Pproperty_units_used-Q28390
P2045-Pproperty_units_used-Q28390	P1114	2	P2045-Pproperty_units_used-Q28390-P1114-2-0000
P2046	Pproperty_units_used	Q712226	P2046-Pproperty_units_used-Q712226
P2046-Pproperty_units_used-Q712226	P1114	9098	P2046-Pproperty_units_used-Q712226-P1114-9098-0000
P2046	Pproperty_units_used	Q232291	P2046-Pproperty_units_used-Q232291
P2046-Pproperty_units_used-Q232291	P1114	316	P2046-Pproperty_units_used-Q232291-P1114-316-0000
P2046	Pproperty_units_used	Q25343	P2046-Pproperty_units_used-Q25343
P2046-Pproperty_units_used-Q25343	P1114	138	P2046-Pproperty_units_used-Q25343-P1114-138-0000
P2046	Pproperty_units_used	Q35852	P2046-Pproperty_units_used-Q35852
P2046-Pproperty_units_used-Q35852	P1114	107	P2046-Pproperty_units_used-Q35852-P1114-107-0000
P2046	Pproperty_units_used	Q81292	P2046-Pproperty_units_used-Q81292
P2046-Pproperty_units_used-Q81292	P1114	22	P2046-Pproperty_units_used-Q81292-P1114-22-0000
P2046	Pproperty_units_used	Q857027	P2046-Pproperty_units_used-Q857027
P2046-Pproperty_units_used-Q857027	P1114	9	P2046-Pproperty_units_used-Q857027-P1114-9-0000
P2046	Pproperty_units_used	Q21074767	P2046-Pproperty_units_used-Q21074767
P2046-Pproperty_units_used-Q21074767	P1114	3	P2046-Pproperty_units_used-Q21074767-P1114-3-0000
P2047	Pproperty_units_used	Q7727	P2047-Pproperty_units_used-Q7727
P2047-Pproperty_units_used-Q7727	P1114	1402	P2047-Pproperty_units_used-Q7727-P1114-1402-0000
P2047	Pproperty_units_used	Q573	P2047-Pproperty_units_used-Q573
P2047-Pproperty_units_used-Q573	P1114	5	P2047-Pproperty_units_used-Q573-P1114-5-0000
P2047	Pproperty_units_used	Q11574	P2047-Pproperty_units_used-Q11574
P2047-Pproperty_units_used-Q11574	P1114	4	P2047-Pproperty_units_used-Q11574-P1114-4-0000
P2047	Pproperty_units_used	Q577	P2047-Pproperty_units_used-Q577
P2047-Pproperty_units_used-Q577	P1114	2	P2047-Pproperty_units_used-Q577-P1114-2-0000
P2047	Pproperty_units_used	Q25235	P2047-Pproperty_units_used-Q25235
P2047-Pproperty_units_used-Q25235	P1114	1	P2047-Pproperty_units_used-Q25235-P1114-1-0000
P2048	Pproperty_units_used	Q174728	P2048-Pproperty_units_used-Q174728
P2048-Pproperty_units_used-Q174728	P1114	150	P2048-Pproperty_units_used-Q174728-P1114-150-0000
P2048	Pproperty_units_used	Q11573	P2048-Pproperty_units_used-Q11573
P2048-Pproperty_units_used-Q11573	P1114	113	P2048-Pproperty_units_used-Q11573-P1114-113-0000
P2048	Pproperty_units_used	Q218593	P2048-Pproperty_units_used-Q218593
P2048-Pproperty_units_used-Q218593	P1114	27	P2048-Pproperty_units_used-Q218593-P1114-27-0000
P2048	Pproperty_units_used	Q3710	P2048-Pproperty_units_used-Q3710
P2048-Pproperty_units_used-Q3710	P1114	21	P2048-Pproperty_units_used-Q3710-P1114-21-0000
P2049	Pproperty_units_used	Q828224	P2049-Pproperty_units_used-Q828224
P2049-Pproperty_units_used-Q828224	P1114	112	P2049-Pproperty_units_used-Q828224-P1114-112-0000
P2049	Pproperty_units_used	Q11573	P2049-Pproperty_units_used-Q11573
P2049-Pproperty_units_used-Q11573	P1114	13	P2049-Pproperty_units_used-Q11573-P1114-13-0000
P2049	Pproperty_units_used	Q174728	P2049-Pproperty_units_used-Q174728
P2049-Pproperty_units_used-Q174728	P1114	1	P2049-Pproperty_units_used-Q174728-P1114-1-0000
P2049	Pproperty_units_used	Q253276	P2049-Pproperty_units_used-Q253276
P2049-Pproperty_units_used-Q253276	P1114	1	P2049-Pproperty_units_used-Q253276-P1114-1-0000
P2049	Pproperty_units_used	Q3710	P2049-Pproperty_units_used-Q3710
P2049-Pproperty_units_used-Q3710	P1114	1	P2049-Pproperty_units_used-Q3710-P1114-1-0000
P2052	Pproperty_units_used	Q180154	P2052-Pproperty_units_used-Q180154
P2052-Pproperty_units_used-Q180154	P1114	2	P2052-Pproperty_units_used-Q180154-P1114-2-0000
P2052	Pproperty_units_used	Q211256	P2052-Pproperty_units_used-Q211256
P2052-Pproperty_units_used-Q211256	P1114	1	P2052-Pproperty_units_used-Q211256-P1114-1-0000
P2053	Pproperty_units_used	Q712226	P2053-Pproperty_units_used-Q712226
P2053-Pproperty_units_used-Q712226	P1114	782	P2053-Pproperty_units_used-Q712226-P1114-782-0000
P2053	Pproperty_units_used	Q232291	P2053-Pproperty_units_used-Q232291
P2053-Pproperty_units_used-Q232291	P1114	21	P2053-Pproperty_units_used-Q232291-P1114-21-0000
P2054	Pproperty_units_used	Q13147228	P2054-Pproperty_units_used-Q13147228
P2054-Pproperty_units_used-Q13147228	P1114	1	P2054-Pproperty_units_used-Q13147228-P1114-1-0000
P2067	Pproperty_units_used	Q11570	P2067-Pproperty_units_used-Q11570
P2067-Pproperty_units_used-Q11570	P1114	57	P2067-Pproperty_units_used-Q11570-P1114-57-0000
P2067	Pproperty_units_used	Q100995	P2067-Pproperty_units_used-Q100995
P2067-Pproperty_units_used-Q100995	P1114	13	P2067-Pproperty_units_used-Q100995-P1114-13-0000
P2067	Pproperty_units_used	Q613726	P2067-Pproperty_units_used-Q613726
P2067-Pproperty_units_used-Q613726	P1114	1	P2067-Pproperty_units_used-Q613726-P1114-1-0000
P2069	Pproperty_units_used	Q21088638	P2069-Pproperty_units_used-Q21088638
P2069-Pproperty_units_used-Q21088638	P1114	1	P2069-Pproperty_units_used-Q21088638-P1114-1-0000
P2076	Pproperty_units_used	Q25267	P2076-Pproperty_units_used-Q25267
P2076-Pproperty_units_used-Q25267	P1114	2	P2076-Pproperty_units_used-Q25267-P1114-2-0000
P2077	Pproperty_units_used	Q21062777	P2077-Pproperty_units_used-Q21062777
P2077-Pproperty_units_used-Q21062777	P1114	1	P2077-Pproperty_units_used-Q21062777-P1114-1-0000
P2097	Pproperty_units_used	Q577	P2097-Pproperty_units_used-Q577
P2097-Pproperty_units_used-Q577	P1114	8	P2097-Pproperty_units_used-Q577-P1114-8-0000
P2109	Pproperty_units_used	Q6982035	P2109-Pproperty_units_used-Q6982035
P2109-Pproperty_units_used-Q6982035	P1114	1	P2109-Pproperty_units_used-Q6982035-P1114-1-0000
P2120	Pproperty_units_used	Q11573	P2120-Pproperty_units_used-Q11573
P2120-Pproperty_units_used-Q11573	P1114	4	P2120-Pproperty_units_used-Q11573-P1114-4-0000
P2120	Pproperty_units_used	Q828224	P2120-Pproperty_units_used-Q828224
P2120-Pproperty_units_used-Q828224	P1114	3	P2120-Pproperty_units_used-Q828224-P1114-3-0000
P2121	Pproperty_units_used	Q4917	P2121-Pproperty_units_used-Q4917
P2121-Pproperty_units_used-Q4917	P1114	4	P2121-Pproperty_units_used-Q4917-P1114-4-0000
P2121	Pproperty_units_used	Q4916	P2121-Pproperty_units_used-Q4916
P2121-Pproperty_units_used-Q4916	P1114	3	P2121-Pproperty_units_used-Q4916-P1114-3-0000
P2121	Pproperty_units_used	Q221828	P2121-Pproperty_units_used-Q221828
P2121-Pproperty_units_used-Q221828	P1114	1	P2121-Pproperty_units_used-Q221828-P1114-1-0000
P2121	Pproperty_units_used	Q25417	P2121-Pproperty_units_used-Q25417
P2121-Pproperty_units_used-Q25417	P1114	1	P2121-Pproperty_units_used-Q25417-P1114-1-0000
P2124	Pproperty_units_used	Q6256	P2124-Pproperty_units_used-Q6256
P2124-Pproperty_units_used-Q6256	P1114	15	P2124-Pproperty_units_used-Q6256-P1114-15-0000
P2124	Pproperty_units_used	Q1646605	P2124-Pproperty_units_used-Q1646605
P2124-Pproperty_units_used-Q1646605	P1114	5	P2124-Pproperty_units_used-Q1646605-P1114-5-0000
P2124	Pproperty_units_used	Q16533	P2124-Pproperty_units_used-Q16533
P2124-Pproperty_units_used-Q16533	P1114	2	P2124-Pproperty_units_used-Q16533-P1114-2-0000
P2124	Pproperty_units_used	Q8441	P2124-Pproperty_units_used-Q8441
P2124-Pproperty_units_used-Q8441	P1114	1	P2124-Pproperty_units_used-Q8441-P1114-1-0000
P2130	Pproperty_units_used	Q4917	P2130-Pproperty_units_used-Q4917
P2130-Pproperty_units_used-Q4917	P1114	326	P2130-Pproperty_units_used-Q4917-P1114-326-0000
P2130	Pproperty_units_used	Q4916	P2130-Pproperty_units_used-Q4916
P2130-Pproperty_units_used-Q4916	P1114	6	P2130-Pproperty_units_used-Q4916-P1114-6-0000
P2130	Pproperty_units_used	Q259502	P2130-Pproperty_units_used-Q259502
P2130-Pproperty_units_used-Q259502	P1114	2	P2130-Pproperty_units_used-Q259502-P1114-2-0000
P2130	Pproperty_units_used	Q1104069	P2130-Pproperty_units_used-Q1104069
P2130-Pproperty_units_used-Q1104069	P1114	1	P2130-Pproperty_units_used-Q1104069-P1114-1-0000
P2130	Pproperty_units_used	Q157011	P2130-Pproperty_units_used-Q157011
P2130-Pproperty_units_used-Q157011	P1114	1	P2130-Pproperty_units_used-Q157011-P1114-1-0000
P2130	Pproperty_units_used	Q16068	P2130-Pproperty_units_used-Q16068
P2130-Pproperty_units_used-Q16068	P1114	1	P2130-Pproperty_units_used-Q16068-P1114-1-0000
P2130	Pproperty_units_used	Q25224	P2130-Pproperty_units_used-Q25224
P2130-Pproperty_units_used-Q25224	P1114	1	P2130-Pproperty_units_used-Q25224-P1114-1-0000
P2130	Pproperty_units_used	Q8146	P2130-Pproperty_units_used-Q8146
P2130-Pproperty_units_used-Q8146	P1114	1	P2130-Pproperty_units_used-Q8146-P1114-1-0000
P2131	Pproperty_units_used	Q4916	P2131-Pproperty_units_used-Q4916
P2131-Pproperty_units_used-Q4916	P1114	2	P2131-Pproperty_units_used-Q4916-P1114-2-0000
P2132	Pproperty_units_used	Q4917	P2132-Pproperty_units_used-Q4917
P2132-Pproperty_units_used-Q4917	P1114	3	P2132-Pproperty_units_used-Q4917-P1114-3-0000
P2132	Pproperty_units_used	Q4916	P2132-Pproperty_units_used-Q4916
P2132-Pproperty_units_used-Q4916	P1114	2	P2132-Pproperty_units_used-Q4916-P1114-2-0000
P2134	Pproperty_units_used	Q4917	P2134-Pproperty_units_used-Q4917
P2134-Pproperty_units_used-Q4917	P1114	1	P2134-Pproperty_units_used-Q4917-P1114-1-0000
P2135	Pproperty_units_used	Q4917	P2135-Pproperty_units_used-Q4917
P2135-Pproperty_units_used-Q4917	P1114	5	P2135-Pproperty_units_used-Q4917-P1114-5-0000
P2137	Pproperty_units_used	Q4917	P2137-Pproperty_units_used-Q4917
P2137-Pproperty_units_used-Q4917	P1114	7	P2137-Pproperty_units_used-Q4917-P1114-7-0000
P2137	Pproperty_units_used	Q199857	P2137-Pproperty_units_used-Q199857
P2137-Pproperty_units_used-Q199857	P1114	4	P2137-Pproperty_units_used-Q199857-P1114-4-0000
P2138	Pproperty_units_used	Q4917	P2138-Pproperty_units_used-Q4917
P2138-Pproperty_units_used-Q4917	P1114	4	P2138-Pproperty_units_used-Q4917-P1114-4-0000
P2139	Pproperty_units_used	Q4917	P2139-Pproperty_units_used-Q4917
P2139-Pproperty_units_used-Q4917	P1114	501	P2139-Pproperty_units_used-Q4917-P1114-501-0000
P2139	Pproperty_units_used	Q4916	P2139-Pproperty_units_used-Q4916
P2139-Pproperty_units_used-Q4916	P1114	24	P2139-Pproperty_units_used-Q4916-P1114-24-0000
P2139	Pproperty_units_used	Q39099	P2139-Pproperty_units_used-Q39099
P2139-Pproperty_units_used-Q39099	P1114	6	P2139-Pproperty_units_used-Q39099-P1114-6-0000
P2139	Pproperty_units_used	Q199857	P2139-Pproperty_units_used-Q199857
P2139-Pproperty_units_used-Q199857	P1114	4	P2139-Pproperty_units_used-Q199857-P1114-4-0000
P2139	Pproperty_units_used	Q25224	P2139-Pproperty_units_used-Q25224
P2139-Pproperty_units_used-Q25224	P1114	4	P2139-Pproperty_units_used-Q25224-P1114-4-0000
P2139	Pproperty_units_used	Q122922	P2139-Pproperty_units_used-Q122922
P2139-Pproperty_units_used-Q122922	P1114	2	P2139-Pproperty_units_used-Q122922-P1114-2-0000
P2139	Pproperty_units_used	Q123213	P2139-Pproperty_units_used-Q123213
P2139-Pproperty_units_used-Q123213	P1114	1	P2139-Pproperty_units_used-Q123213-P1114-1-0000
P2139	Pproperty_units_used	Q41044	P2139-Pproperty_units_used-Q41044
P2139-Pproperty_units_used-Q41044	P1114	1	P2139-Pproperty_units_used-Q41044-P1114-1-0000
P2139	Pproperty_units_used	Q4730	P2139-Pproperty_units_used-Q4730
P2139-Pproperty_units_used-Q4730	P1114	1	P2139-Pproperty_units_used-Q4730-P1114-1-0000
P2140	Pproperty_units_used	Q4917	P2140-Pproperty_units_used-Q4917
P2140-Pproperty_units_used-Q4917	P1114	9	P2140-Pproperty_units_used-Q4917-P1114-9-0000
P2140	Pproperty_units_used	Q11229	P2140-Pproperty_units_used-Q11229
P2140-Pproperty_units_used-Q11229	P1114	1	P2140-Pproperty_units_used-Q11229-P1114-1-0000
P2141	Pproperty_units_used	Q4917	P2141-Pproperty_units_used-Q4917
P2141-Pproperty_units_used-Q4917	P1114	10	P2141-Pproperty_units_used-Q4917-P1114-10-0000
P2141	Pproperty_units_used	Q11229	P2141-Pproperty_units_used-Q11229
P2141-Pproperty_units_used-Q11229	P1114	1	P2141-Pproperty_units_used-Q11229-P1114-1-0000
P2142	Pproperty_units_used	Q4917	P2142-Pproperty_units_used-Q4917
P2142-Pproperty_units_used-Q4917	P1114	430	P2142-Pproperty_units_used-Q4917-P1114-430-0000
P2142	Pproperty_units_used	Q4916	P2142-Pproperty_units_used-Q4916
P2142-Pproperty_units_used-Q4916	P1114	4	P2142-Pproperty_units_used-Q4916-P1114-4-0000
P2142	Pproperty_units_used	Q25224	P2142-Pproperty_units_used-Q25224
P2142-Pproperty_units_used-Q25224	P1114	3	P2142-Pproperty_units_used-Q25224-P1114-3-0000
P2142	Pproperty_units_used	Q30	P2142-Pproperty_units_used-Q30
P2142-Pproperty_units_used-Q30	P1114	1	P2142-Pproperty_units_used-Q30-P1114-1-0000
P2142	Pproperty_units_used	Q31015	P2142-Pproperty_units_used-Q31015
P2142-Pproperty_units_used-Q31015	P1114	1	P2142-Pproperty_units_used-Q31015-P1114-1-0000
P2146	Pproperty_units_used	Q573	P2146-Pproperty_units_used-Q573
P2146-Pproperty_units_used-Q573	P1114	1	P2146-Pproperty_units_used-Q573-P1114-1-0000
P2211	Pproperty_units_used	Q28390	P2211-Pproperty_units_used-Q28390
P2211-Pproperty_units_used-Q28390	P1114	12	P2211-Pproperty_units_used-Q28390-P1114-12-0000
P2213	Pproperty_units_used	Q28390	P2213-Pproperty_units_used-Q28390
P2213-Pproperty_units_used-Q28390	P1114	1	P2213-Pproperty_units_used-Q28390-P1114-1-0000
P2218	Pproperty_units_used	Q4917	P2218-Pproperty_units_used-Q4917
P2218-Pproperty_units_used-Q4917	P1114	62	P2218-Pproperty_units_used-Q4917-P1114-62-0000
P2218	Pproperty_units_used	Q131016	P2218-Pproperty_units_used-Q131016
P2218-Pproperty_units_used-Q131016	P1114	1	P2218-Pproperty_units_used-Q131016-P1114-1-0000
P2218	Pproperty_units_used	Q259502	P2218-Pproperty_units_used-Q259502
P2218-Pproperty_units_used-Q259502	P1114	1	P2218-Pproperty_units_used-Q259502-P1114-1-0000
P2218	Pproperty_units_used	Q41044	P2218-Pproperty_units_used-Q41044
P2218-Pproperty_units_used-Q41044	P1114	1	P2218-Pproperty_units_used-Q41044-P1114-1-0000
P2218	Pproperty_units_used	Q80524	P2218-Pproperty_units_used-Q80524
P2218-Pproperty_units_used-Q80524	P1114	1	P2218-Pproperty_units_used-Q80524-P1114-1-0000
P2219	Pproperty_units_used	Q11229	P2219-Pproperty_units_used-Q11229
P2219-Pproperty_units_used-Q11229	P1114	205	P2219-Pproperty_units_used-Q11229-P1114-205-0000
P2225	Pproperty_units_used	Q794261	P2225-Pproperty_units_used-Q794261
P2225-Pproperty_units_used-Q794261	P1114	217	P2225-Pproperty_units_used-Q794261-P1114-217-0000
P2226	Pproperty_units_used	Q4917	P2226-Pproperty_units_used-Q4917
P2226-Pproperty_units_used-Q4917	P1114	9	P2226-Pproperty_units_used-Q4917-P1114-9-0000
P2226	Pproperty_units_used	Q4916	P2226-Pproperty_units_used-Q4916
P2226-Pproperty_units_used-Q4916	P1114	5	P2226-Pproperty_units_used-Q4916-P1114-5-0000
P2233	Pproperty_units_used	Q1811	P2233-Pproperty_units_used-Q1811
P2233-Pproperty_units_used-Q1811	P1114	1	P2233-Pproperty_units_used-Q1811-P1114-1-0000
P2233	Pproperty_units_used	Q828224	P2233-Pproperty_units_used-Q828224
P2233-Pproperty_units_used-Q828224	P1114	1	P2233-Pproperty_units_used-Q828224-P1114-1-0000
P2234	Pproperty_units_used	Q4243638	P2234-Pproperty_units_used-Q4243638
P2234-Pproperty_units_used-Q4243638	P1114	20	P2234-Pproperty_units_used-Q4243638-P1114-20-0000
P2234	Pproperty_units_used	Q5195628	P2234-Pproperty_units_used-Q5195628
P2234-Pproperty_units_used-Q5195628	P1114	16	P2234-Pproperty_units_used-Q5195628-P1114-16-0000
P2234	Pproperty_units_used	Q25517	P2234-Pproperty_units_used-Q25517
P2234-Pproperty_units_used-Q25517	P1114	12	P2234-Pproperty_units_used-Q25517-P1114-12-0000
P2243	Pproperty_units_used	Q1811	P2243-Pproperty_units_used-Q1811
P2243-Pproperty_units_used-Q1811	P1114	1	P2243-Pproperty_units_used-Q1811-P1114-1-0000
P2243	Pproperty_units_used	Q828224	P2243-Pproperty_units_used-Q828224
P2243-Pproperty_units_used-Q828224	P1114	1	P2243-Pproperty_units_used-Q828224-P1114-1-0000
P2244	Pproperty_units_used	Q828224	P2244-Pproperty_units_used-Q828224
P2244-Pproperty_units_used-Q828224	P1114	1	P2244-Pproperty_units_used-Q828224-P1114-1-0000
P2248	Pproperty_units_used	Q28390	P2248-Pproperty_units_used-Q28390
P2248-Pproperty_units_used-Q28390	P1114	1	P2248-Pproperty_units_used-Q28390-P1114-1-0000
P2250	Pproperty_units_used	Q577	P2250-Pproperty_units_used-Q577
P2250-Pproperty_units_used-Q577	P1114	3660	P2250-Pproperty_units_used-Q577-P1114-3660-0000
P2257	Pproperty_units_used	Q577	P2257-Pproperty_units_used-Q577
P2257-Pproperty_units_used-Q577	P1114	8	P2257-Pproperty_units_used-Q577-P1114-8-0000
P2257	Pproperty_units_used	Q1092296	P2257-Pproperty_units_used-Q1092296
P2257-Pproperty_units_used-Q1092296	P1114	1	P2257-Pproperty_units_used-Q1092296-P1114-1-0000
P2257	Pproperty_units_used	Q4274161	P2257-Pproperty_units_used-Q4274161
P2257-Pproperty_units_used-Q4274161	P1114	1	P2257-Pproperty_units_used-Q4274161-P1114-1-0000
P2257	Pproperty_units_used	Q591259	P2257-Pproperty_units_used-Q591259
P2257-Pproperty_units_used-Q591259	P1114	1	P2257-Pproperty_units_used-Q591259-P1114-1-0000
P2284	Pproperty_units_used	Q155009	P2284-Pproperty_units_used-Q155009
P2284-Pproperty_units_used-Q155009	P1114	1	P2284-Pproperty_units_used-Q155009-P1114-1-0000
P2295	Pproperty_units_used	Q4917	P2295-Pproperty_units_used-Q4917
P2295-Pproperty_units_used-Q4917	P1114	26	P2295-Pproperty_units_used-Q4917-P1114-26-0000
P2295	Pproperty_units_used	Q4916	P2295-Pproperty_units_used-Q4916
P2295-Pproperty_units_used-Q4916	P1114	9	P2295-Pproperty_units_used-Q4916-P1114-9-0000
P2295	Pproperty_units_used	Q39099	P2295-Pproperty_units_used-Q39099
P2295-Pproperty_units_used-Q39099	P1114	5	P2295-Pproperty_units_used-Q39099-P1114-5-0000
P2295	Pproperty_units_used	Q199857	P2295-Pproperty_units_used-Q199857
P2295-Pproperty_units_used-Q199857	P1114	4	P2295-Pproperty_units_used-Q199857-P1114-4-0000
P2295	Pproperty_units_used	Q25224	P2295-Pproperty_units_used-Q25224
P2295-Pproperty_units_used-Q25224	P1114	2	P2295-Pproperty_units_used-Q25224-P1114-2-0000
P2295	Pproperty_units_used	Q122922	P2295-Pproperty_units_used-Q122922
P2295-Pproperty_units_used-Q122922	P1114	1	P2295-Pproperty_units_used-Q122922-P1114-1-0000
P2299	Pproperty_units_used	Q4916	P2299-Pproperty_units_used-Q4916
P2299-Pproperty_units_used-Q4916	P1114	1	P2299-Pproperty_units_used-Q4916-P1114-1-0000
P2325	Pproperty_units_used	Q28390	P2325-Pproperty_units_used-Q28390
P2325-Pproperty_units_used-Q28390	P1114	1	P2325-Pproperty_units_used-Q28390-P1114-1-0000
P2386	Pproperty_units_used	Q828224	P2386-Pproperty_units_used-Q828224
P2386-Pproperty_units_used-Q828224	P1114	1	P2386-Pproperty_units_used-Q828224-P1114-1-0000
P2402	Pproperty_units_used	Q4917	P2402-Pproperty_units_used-Q4917
P2402-Pproperty_units_used-Q4917	P1114	5	P2402-Pproperty_units_used-Q4917-P1114-5-0000
P2402	Pproperty_units_used	Q4916	P2402-Pproperty_units_used-Q4916
P2402-Pproperty_units_used-Q4916	P1114	3	P2402-Pproperty_units_used-Q4916-P1114-3-0000
P2403	Pproperty_units_used	Q4917	P2403-Pproperty_units_used-Q4917
P2403-Pproperty_units_used-Q4917	P1114	22	P2403-Pproperty_units_used-Q4917-P1114-22-0000
P2403	Pproperty_units_used	Q4916	P2403-Pproperty_units_used-Q4916
P2403-Pproperty_units_used-Q4916	P1114	10	P2403-Pproperty_units_used-Q4916-P1114-10-0000
P2403	Pproperty_units_used	Q39099	P2403-Pproperty_units_used-Q39099
P2403-Pproperty_units_used-Q39099	P1114	5	P2403-Pproperty_units_used-Q39099-P1114-5-0000
P2403	Pproperty_units_used	Q199857	P2403-Pproperty_units_used-Q199857
P2403-Pproperty_units_used-Q199857	P1114	4	P2403-Pproperty_units_used-Q199857-P1114-4-0000
P2415	Pproperty_units_used	Q3393320	P2415-Pproperty_units_used-Q3393320
P2415-Pproperty_units_used-Q3393320	P1114	1	P2415-Pproperty_units_used-Q3393320-P1114-1-0000
P2436	Pproperty_units_used	Q25250	P2436-Pproperty_units_used-Q25250
P2436-Pproperty_units_used-Q25250	P1114	4	P2436-Pproperty_units_used-Q25250-P1114-4-0000
P2547	Pproperty_units_used	Q828224	P2547-Pproperty_units_used-Q828224
P2547-Pproperty_units_used-Q828224	P1114	32	P2547-Pproperty_units_used-Q828224-P1114-32-0000
P2547	Pproperty_units_used	Q11573	P2547-Pproperty_units_used-Q11573
P2547-Pproperty_units_used-Q11573	P1114	1	P2547-Pproperty_units_used-Q11573-P1114-1-0000
P2547	Pproperty_units_used	Q253276	P2547-Pproperty_units_used-Q253276
P2547-Pproperty_units_used-Q253276	P1114	1	P2547-Pproperty_units_used-Q253276-P1114-1-0000
P2555	Pproperty_units_used	Q4917	P2555-Pproperty_units_used-Q4917
P2555-Pproperty_units_used-Q4917	P1114	3	P2555-Pproperty_units_used-Q4917-P1114-3-0000
P2555	Pproperty_units_used	Q25417	P2555-Pproperty_units_used-Q25417
P2555-Pproperty_units_used-Q25417	P1114	2	P2555-Pproperty_units_used-Q25417-P1114-2-0000
P2555	Pproperty_units_used	Q25224	P2555-Pproperty_units_used-Q25224
P2555-Pproperty_units_used-Q25224	P1114	1	P2555-Pproperty_units_used-Q25224-P1114-1-0000
P2583	Pproperty_units_used	Q828224	P2583-Pproperty_units_used-Q828224
P2583-Pproperty_units_used-Q828224	P1114	1	P2583-Pproperty_units_used-Q828224-P1114-1-0000
P2595	Pproperty_units_used	Q181011	P2595-Pproperty_units_used-Q181011
P2595-Pproperty_units_used-Q181011	P1114	12	P2595-Pproperty_units_used-Q181011-P1114-12-0000
P2635	Pproperty_units_used	Q421744	P2635-Pproperty_units_used-Q421744
P2635-Pproperty_units_used-Q421744	P1114	1	P2635-Pproperty_units_used-Q421744-P1114-1-0000
P2635	Pproperty_units_used	Q7302866	P2635-Pproperty_units_used-Q7302866
P2635-Pproperty_units_used-Q7302866	P1114	1	P2635-Pproperty_units_used-Q7302866-P1114-1-0000
P2659	Pproperty_units_used	Q828224	P2659-Pproperty_units_used-Q828224
P2659-Pproperty_units_used-Q828224	P1114	8	P2659-Pproperty_units_used-Q828224-P1114-8-0000
P2660	Pproperty_units_used	Q11573	P2660-Pproperty_units_used-Q11573
P2660-Pproperty_units_used-Q11573	P1114	14	P2660-Pproperty_units_used-Q11573-P1114-14-0000
P2660	Pproperty_units_used	Q3710	P2660-Pproperty_units_used-Q3710
P2660-Pproperty_units_used-Q3710	P1114	2	P2660-Pproperty_units_used-Q3710-P1114-2-0000
P2660	Pproperty_units_used	Q1185752	P2660-Pproperty_units_used-Q1185752
P2660-Pproperty_units_used-Q1185752	P1114	1	P2660-Pproperty_units_used-Q1185752-P1114-1-0000
P2661	Pproperty_units_used	Q11229	P2661-Pproperty_units_used-Q11229
P2661-Pproperty_units_used-Q11229	P1114	81	P2661-Pproperty_units_used-Q11229-P1114-81-0000
P2769	Pproperty_units_used	Q4916	P2769-Pproperty_units_used-Q4916
P2769-Pproperty_units_used-Q4916	P1114	67	P2769-Pproperty_units_used-Q4916-P1114-67-0000
P2769	Pproperty_units_used	Q4917	P2769-Pproperty_units_used-Q4917
P2769-Pproperty_units_used-Q4917	P1114	45	P2769-Pproperty_units_used-Q4917-P1114-45-0000
P2769	Pproperty_units_used	Q81893	P2769-Pproperty_units_used-Q81893
P2769-Pproperty_units_used-Q81893	P1114	14	P2769-Pproperty_units_used-Q81893-P1114-14-0000
P2769	Pproperty_units_used	Q25344	P2769-Pproperty_units_used-Q25344
P2769-Pproperty_units_used-Q25344	P1114	5	P2769-Pproperty_units_used-Q25344-P1114-5-0000
P2769	Pproperty_units_used	Q41044	P2769-Pproperty_units_used-Q41044
P2769-Pproperty_units_used-Q41044	P1114	2	P2769-Pproperty_units_used-Q41044-P1114-2-0000
P2769	Pproperty_units_used	Q132643	P2769-Pproperty_units_used-Q132643
P2769-Pproperty_units_used-Q132643	P1114	1	P2769-Pproperty_units_used-Q132643-P1114-1-0000
P2769	Pproperty_units_used	Q173117	P2769-Pproperty_units_used-Q173117
P2769-Pproperty_units_used-Q173117	P1114	1	P2769-Pproperty_units_used-Q173117-P1114-1-0000
P2769	Pproperty_units_used	Q199578	P2769-Pproperty_units_used-Q199578
P2769-Pproperty_units_used-Q199578	P1114	1	P2769-Pproperty_units_used-Q199578-P1114-1-0000
P2769	Pproperty_units_used	Q25224	P2769-Pproperty_units_used-Q25224
P2769-Pproperty_units_used-Q25224	P1114	1	P2769-Pproperty_units_used-Q25224-P1114-1-0000
P2769	Pproperty_units_used	Q8146	P2769-Pproperty_units_used-Q8146
P2769-Pproperty_units_used-Q8146	P1114	1	P2769-Pproperty_units_used-Q8146-P1114-1-0000
P2834	Pproperty_units_used	Q11229	P2834-Pproperty_units_used-Q11229
P2834-Pproperty_units_used-Q11229	P1114	8	P2834-Pproperty_units_used-Q11229-P1114-8-0000
P2855	Pproperty_units_used	Q11229	P2855-Pproperty_units_used-Q11229
P2855-Pproperty_units_used-Q11229	P1114	179	P2855-Pproperty_units_used-Q11229-P1114-179-0000
P2873	Pproperty_units_used	Q7727	P2873-Pproperty_units_used-Q7727
P2873-Pproperty_units_used-Q7727	P1114	5	P2873-Pproperty_units_used-Q7727-P1114-5-0000
P2884	Pproperty_units_used	Q25250	P2884-Pproperty_units_used-Q25250
P2884-Pproperty_units_used-Q25250	P1114	248	P2884-Pproperty_units_used-Q25250-P1114-248-0000
P2896	Pproperty_units_used	Q23387	P2896-Pproperty_units_used-Q23387
P2896-Pproperty_units_used-Q23387	P1114	2	P2896-Pproperty_units_used-Q23387-P1114-2-0000
P2896	Pproperty_units_used	Q1643308	P2896-Pproperty_units_used-Q1643308
P2896-Pproperty_units_used-Q1643308	P1114	1	P2896-Pproperty_units_used-Q1643308-P1114-1-0000
P2896	Pproperty_units_used	Q573	P2896-Pproperty_units_used-Q573
P2896-Pproperty_units_used-Q573	P1114	1	P2896-Pproperty_units_used-Q573-P1114-1-0000
P2896	Pproperty_units_used	Q577	P2896-Pproperty_units_used-Q577
P2896-Pproperty_units_used-Q577	P1114	1	P2896-Pproperty_units_used-Q577-P1114-1-0000
P2899	Pproperty_units_used	Q24564698	P2899-Pproperty_units_used-Q24564698
P2899-Pproperty_units_used-Q24564698	P1114	1	P2899-Pproperty_units_used-Q24564698-P1114-1-0000
P2907	Pproperty_units_used	Q25235	P2907-Pproperty_units_used-Q25235
P2907-Pproperty_units_used-Q25235	P1114	165	P2907-Pproperty_units_used-Q25235-P1114-165-0000
P2927	Pproperty_units_used	Q11229	P2927-Pproperty_units_used-Q11229
P2927-Pproperty_units_used-Q11229	P1114	3319	P2927-Pproperty_units_used-Q11229-P1114-3319-0000
P2957	Pproperty_units_used	Q794261	P2957-Pproperty_units_used-Q794261
P2957-Pproperty_units_used-Q794261	P1114	1	P2957-Pproperty_units_used-Q794261-P1114-1-0000
P2997	Pproperty_units_used	Q24564698	P2997-Pproperty_units_used-Q24564698
P2997-Pproperty_units_used-Q24564698	P1114	139	P2997-Pproperty_units_used-Q24564698-P1114-139-0000
P2997	Pproperty_units_used	Q577	P2997-Pproperty_units_used-Q577
P2997-Pproperty_units_used-Q577	P1114	1	P2997-Pproperty_units_used-Q577-P1114-1-0000
P2998	Pproperty_units_used	Q24564698	P2998-Pproperty_units_used-Q24564698
P2998-Pproperty_units_used-Q24564698	P1114	6	P2998-Pproperty_units_used-Q24564698-P1114-6-0000
P2999	Pproperty_units_used	Q24564698	P2999-Pproperty_units_used-Q24564698
P2999-Pproperty_units_used-Q24564698	P1114	19	P2999-Pproperty_units_used-Q24564698-P1114-19-0000
P3000	Pproperty_units_used	Q24564698	P3000-Pproperty_units_used-Q24564698
P3000-Pproperty_units_used-Q24564698	P1114	230	P3000-Pproperty_units_used-Q24564698-P1114-230-0000
P3001	Pproperty_units_used	Q24564698	P3001-Pproperty_units_used-Q24564698
P3001-Pproperty_units_used-Q24564698	P1114	73	P3001-Pproperty_units_used-Q24564698-P1114-73-0000
P3020	Pproperty_units_used	Q577	P3020-Pproperty_units_used-Q577
P3020-Pproperty_units_used-Q577	P1114	17	P3020-Pproperty_units_used-Q577-P1114-17-0000
P3020	Pproperty_units_used	Q5151	P3020-Pproperty_units_used-Q5151
P3020-Pproperty_units_used-Q5151	P1114	1	P3020-Pproperty_units_used-Q5151-P1114-1-0000
P3020	Pproperty_units_used	Q573	P3020-Pproperty_units_used-Q573
P3020-Pproperty_units_used-Q573	P1114	1	P3020-Pproperty_units_used-Q573-P1114-1-0000
P3086	Pproperty_units_used	Q180154	P3086-Pproperty_units_used-Q180154
P3086-Pproperty_units_used-Q180154	P1114	42	P3086-Pproperty_units_used-Q180154-P1114-42-0000
P3087	Pproperty_units_used	Q17193	P3087-Pproperty_units_used-Q17193
P3087-Pproperty_units_used-Q17193	P1114	11	P3087-Pproperty_units_used-Q17193-P1114-11-0000
P3087	Pproperty_units_used	Q4917	P3087-Pproperty_units_used-Q4917
P3087-Pproperty_units_used-Q4917	P1114	2	P3087-Pproperty_units_used-Q4917-P1114-2-0000
P3087	Pproperty_units_used	Q203955	P3087-Pproperty_units_used-Q203955
P3087-Pproperty_units_used-Q203955	P1114	1	P3087-Pproperty_units_used-Q203955-P1114-1-0000
P3270	Pproperty_units_used	Q24564698	P3270-Pproperty_units_used-Q24564698
P3270-Pproperty_units_used-Q24564698	P1114	61	P3270-Pproperty_units_used-Q24564698-P1114-61-0000
P3270	Pproperty_units_used	Q577	P3270-Pproperty_units_used-Q577
P3270-Pproperty_units_used-Q577	P1114	1	P3270-Pproperty_units_used-Q577-P1114-1-0000
P3271	Pproperty_units_used	Q24564698	P3271-Pproperty_units_used-Q24564698
P3271-Pproperty_units_used-Q24564698	P1114	42	P3271-Pproperty_units_used-Q24564698-P1114-42-0000
P3271	Pproperty_units_used	Q577	P3271-Pproperty_units_used-Q577
P3271-Pproperty_units_used-Q577	P1114	1	P3271-Pproperty_units_used-Q577-P1114-1-0000
P3362	Pproperty_units_used	Q4917	P3362-Pproperty_units_used-Q4917
P3362-Pproperty_units_used-Q4917	P1114	16	P3362-Pproperty_units_used-Q4917-P1114-16-0000
P3362	Pproperty_units_used	Q4916	P3362-Pproperty_units_used-Q4916
P3362-Pproperty_units_used-Q4916	P1114	8	P3362-Pproperty_units_used-Q4916-P1114-8-0000
P3362	Pproperty_units_used	Q122922	P3362-Pproperty_units_used-Q122922
P3362-Pproperty_units_used-Q122922	P1114	5	P3362-Pproperty_units_used-Q122922-P1114-5-0000
P3362	Pproperty_units_used	Q39099	P3362-Pproperty_units_used-Q39099
P3362-Pproperty_units_used-Q39099	P1114	5	P3362-Pproperty_units_used-Q39099-P1114-5-0000
P3362	Pproperty_units_used	Q199857	P3362-Pproperty_units_used-Q199857
P3362-Pproperty_units_used-Q199857	P1114	4	P3362-Pproperty_units_used-Q199857-P1114-4-0000
P3362	Pproperty_units_used	Q25224	P3362-Pproperty_units_used-Q25224
P3362-Pproperty_units_used-Q25224	P1114	2	P3362-Pproperty_units_used-Q25224-P1114-2-0000
P3529	Pproperty_units_used	Q4917	P3529-Pproperty_units_used-Q4917
P3529-Pproperty_units_used-Q4917	P1114	38	P3529-Pproperty_units_used-Q4917-P1114-38-0000
P3529	Pproperty_units_used	Q61692784	P3529-Pproperty_units_used-Q61692784
P3529-Pproperty_units_used-Q61692784	P1114	3	P3529-Pproperty_units_used-Q61692784-P1114-3-0000
P3529	Pproperty_units_used	Q131016	P3529-Pproperty_units_used-Q131016
P3529-Pproperty_units_used-Q131016	P1114	1	P3529-Pproperty_units_used-Q131016-P1114-1-0000
P3529	Pproperty_units_used	Q81893	P3529-Pproperty_units_used-Q81893
P3529-Pproperty_units_used-Q81893	P1114	1	P3529-Pproperty_units_used-Q81893-P1114-1-0000
P3618	Pproperty_units_used	Q41044	P3618-Pproperty_units_used-Q41044
P3618-Pproperty_units_used-Q41044	P1114	2	P3618-Pproperty_units_used-Q41044-P1114-2-0000
P3618	Pproperty_units_used	Q4917	P3618-Pproperty_units_used-Q4917
P3618-Pproperty_units_used-Q4917	P1114	1	P3618-Pproperty_units_used-Q4917-P1114-1-0000
P4103	Pproperty_units_used	Q4917	P4103-Pproperty_units_used-Q4917
P4103-Pproperty_units_used-Q4917	P1114	6	P4103-Pproperty_units_used-Q4917-P1114-6-0000
P4131	Pproperty_units_used	Q2051195	P4131-Pproperty_units_used-Q2051195
P4131-Pproperty_units_used-Q2051195	P1114	1	P4131-Pproperty_units_used-Q2051195-P1114-1-0000
P4350	Pproperty_units_used	Q181011	P4350-Pproperty_units_used-Q181011
P4350-Pproperty_units_used-Q181011	P1114	6	P4350-Pproperty_units_used-Q181011-P1114-6-0000
P4350	Pproperty_units_used	Q11229	P4350-Pproperty_units_used-Q11229
P4350-Pproperty_units_used-Q11229	P1114	2	P4350-Pproperty_units_used-Q11229-P1114-2-0000
P4350	Pproperty_units_used	Q834105	P4350-Pproperty_units_used-Q834105
P4350-Pproperty_units_used-Q834105	P1114	1	P4350-Pproperty_units_used-Q834105-P1114-1-0000
P4441	Pproperty_units_used	Q11573	P4441-Pproperty_units_used-Q11573
P4441-Pproperty_units_used-Q11573	P1114	1	P4441-Pproperty_units_used-Q11573-P1114-1-0000
P4442	Pproperty_units_used	Q1092296	P4442-Pproperty_units_used-Q1092296
P4442-Pproperty_units_used-Q1092296	P1114	4	P4442-Pproperty_units_used-Q1092296-P1114-4-0000
P4511	Pproperty_units_used	Q11573	P4511-Pproperty_units_used-Q11573
P4511-Pproperty_units_used-Q11573	P1114	112	P4511-Pproperty_units_used-Q11573-P1114-112-0000
P5141	Pproperty_units_used	Q828224	P5141-Pproperty_units_used-Q828224
P5141-Pproperty_units_used-Q828224	P1114	1	P5141-Pproperty_units_used-Q828224-P1114-1-0000
P5894	Pproperty_units_used	Q4917	P5894-Pproperty_units_used-Q4917
P5894-Pproperty_units_used-Q4917	P1114	7	P5894-Pproperty_units_used-Q4917-P1114-7-0000
P5894	Pproperty_units_used	Q25224	P5894-Pproperty_units_used-Q25224
P5894-Pproperty_units_used-Q25224	P1114	4	P5894-Pproperty_units_used-Q25224-P1114-4-0000
P5894	Pproperty_units_used	Q190951	P5894-Pproperty_units_used-Q190951
P5894-Pproperty_units_used-Q190951	P1114	2	P5894-Pproperty_units_used-Q190951-P1114-2-0000
P5894	Pproperty_units_used	Q41588	P5894-Pproperty_units_used-Q41588
P5894-Pproperty_units_used-Q41588	P1114	2	P5894-Pproperty_units_used-Q41588-P1114-2-0000
P5894	Pproperty_units_used	Q203567	P5894-Pproperty_units_used-Q203567
P5894-Pproperty_units_used-Q203567	P1114	1	P5894-Pproperty_units_used-Q203567-P1114-1-0000
P5894	Pproperty_units_used	Q4916	P5894-Pproperty_units_used-Q4916
P5894-Pproperty_units_used-Q4916	P1114	1	P5894-Pproperty_units_used-Q4916-P1114-1-0000
P5991	Pproperty_units_used	Q57084755	P5991-Pproperty_units_used-Q57084755
P5991-Pproperty_units_used-Q57084755	P1114	1	P5991-Pproperty_units_used-Q57084755-P1114-1-0000
P6249	Pproperty_units_used	Q24564698	P6249-Pproperty_units_used-Q24564698
P6249-Pproperty_units_used-Q24564698	P1114	6	P6249-Pproperty_units_used-Q24564698-P1114-6-0000
P6589	Pproperty_units_used	Q4917	P6589-Pproperty_units_used-Q4917
P6589-Pproperty_units_used-Q4917	P1114	23	P6589-Pproperty_units_used-Q4917-P1114-23-0000
P6589	Pproperty_units_used	Q1104069	P6589-Pproperty_units_used-Q1104069
P6589-Pproperty_units_used-Q1104069	P1114	4	P6589-Pproperty_units_used-Q1104069-P1114-4-0000
P6589	Pproperty_units_used	Q4916	P6589-Pproperty_units_used-Q4916
P6589-Pproperty_units_used-Q4916	P1114	2	P6589-Pproperty_units_used-Q4916-P1114-2-0000
P6591	Pproperty_units_used	Q42289	P6591-Pproperty_units_used-Q42289
P6591-Pproperty_units_used-Q42289	P1114	56	P6591-Pproperty_units_used-Q42289-P1114-56-0000
P6591	Pproperty_units_used	Q25267	P6591-Pproperty_units_used-Q25267
P6591-Pproperty_units_used-Q25267	P1114	34	P6591-Pproperty_units_used-Q25267-P1114-34-0000
P6794	Pproperty_units_used	Q81893	P6794-Pproperty_units_used-Q81893
P6794-Pproperty_units_used-Q81893	P1114	47	P6794-Pproperty_units_used-Q81893-P1114-47-0000
P6794	Pproperty_units_used	Q160680	P6794-Pproperty_units_used-Q160680
P6794-Pproperty_units_used-Q160680	P1114	8	P6794-Pproperty_units_used-Q160680-P1114-8-0000
P6794	Pproperty_units_used	Q8146	P6794-Pproperty_units_used-Q8146
P6794-Pproperty_units_used-Q8146	P1114	3	P6794-Pproperty_units_used-Q8146-P1114-3-0000
P6794	Pproperty_units_used	Q131016	P6794-Pproperty_units_used-Q131016
P6794-Pproperty_units_used-Q131016	P1114	2	P6794-Pproperty_units_used-Q131016-P1114-2-0000
P6794	Pproperty_units_used	Q4916	P6794-Pproperty_units_used-Q4916
P6794-Pproperty_units_used-Q4916	P1114	2	P6794-Pproperty_units_used-Q4916-P1114-2-0000
P6897	Pproperty_units_used	Q11229	P6897-Pproperty_units_used-Q11229
P6897-Pproperty_units_used-Q11229	P1114	88	P6897-Pproperty_units_used-Q11229-P1114-88-0000
P7015	Pproperty_units_used	Q1051665	P7015-Pproperty_units_used-Q1051665
P7015-Pproperty_units_used-Q1051665	P1114	1	P7015-Pproperty_units_used-Q1051665-P1114-1-0000
P7422	Pproperty_units_used	Q42289	P7422-Pproperty_units_used-Q42289
P7422-Pproperty_units_used-Q42289	P1114	56	P7422-Pproperty_units_used-Q42289-P1114-56-0000
P7422	Pproperty_units_used	Q25267	P7422-Pproperty_units_used-Q25267
P7422-Pproperty_units_used-Q25267	P1114	41	P7422-Pproperty_units_used-Q25267-P1114-41-0000
P8328	Pproperty_units_used	Q44946	P8328-Pproperty_units_used-Q44946
P8328-Pproperty_units_used-Q44946	P1114	1	P8328-Pproperty_units_used-Q44946-P1114-1-0000
P8887	Pproperty_units_used	Q712226	P8887-Pproperty_units_used-Q712226
P8887-Pproperty_units_used-Q712226	P1114	1	P8887-Pproperty_units_used-Q712226-P1114-1-0000
